username, password
student1, T@jneH@$l0
student2, T@jneH@$l0
student3, T@jneH@$l0
student4, T@jneH@$l0
student5, T@jneH@$l0
student6, T@jneH@$l0
student7, T@jneH@$l0
student8, T@jneH@$l0
student9, T@jneH@$l0
student10, T@jneH@$l0
student11, T@jneH@$l0
student12, T@jneH@$l0
student13, T@jneH@$l0
student14, T@jneH@$l0
student15, T@jneH@$l0
student16, T@jneH@$l0
student17, T@jneH@$l0
student18, T@jneH@$l0
student19, T@jneH@$l0
student20, T@jneH@$l0
student21, T@jneH@$l0
student22, T@jneH@$l0
student23, T@jneH@$l0
student24, T@jneH@$l0
student25, T@jneH@$l0
student26, T@jneH@$l0
student27, T@jneH@$l0
student28, T@jneH@$l0
student29, T@jneH@$l0
student30, T@jneH@$l0
student31, T@jneH@$l0
student32, T@jneH@$l0
student33, T@jneH@$l0
student34, T@jneH@$l0
student35, T@jneH@$l0
student36, T@jneH@$l0
student37, T@jneH@$l0
student38, T@jneH@$l0
student39, T@jneH@$l0
student40, T@jneH@$l0
student41, T@jneH@$l0
student42, T@jneH@$l0
student43, T@jneH@$l0
student44, T@jneH@$l0
student45, T@jneH@$l0
student46, T@jneH@$l0
student47, T@jneH@$l0
student48, T@jneH@$l0
student49, T@jneH@$l0
student50, T@jneH@$l0
student51, T@jneH@$l0
student52, T@jneH@$l0
student53, T@jneH@$l0
student54, T@jneH@$l0
student55, T@jneH@$l0
student56, T@jneH@$l0
student57, T@jneH@$l0
student58, T@jneH@$l0
student59, T@jneH@$l0
student60, T@jneH@$l0
student61, T@jneH@$l0
student62, T@jneH@$l0
student63, T@jneH@$l0
student64, T@jneH@$l0
student65, T@jneH@$l0
student66, T@jneH@$l0
student67, T@jneH@$l0
student68, T@jneH@$l0
student69, T@jneH@$l0
student70, T@jneH@$l0
student71, T@jneH@$l0
student72, T@jneH@$l0
student73, T@jneH@$l0
student74, T@jneH@$l0
student75, T@jneH@$l0
student76, T@jneH@$l0
student77, T@jneH@$l0
student78, T@jneH@$l0
student79, T@jneH@$l0
student80, T@jneH@$l0
student81, T@jneH@$l0
student82, T@jneH@$l0
student83, T@jneH@$l0
student84, T@jneH@$l0
student85, T@jneH@$l0
student86, T@jneH@$l0
student87, T@jneH@$l0
student88, T@jneH@$l0
student89, T@jneH@$l0
student90, T@jneH@$l0
student91, T@jneH@$l0
student92, T@jneH@$l0
student93, T@jneH@$l0
student94, T@jneH@$l0
student95, T@jneH@$l0
student96, T@jneH@$l0
student97, T@jneH@$l0
student98, T@jneH@$l0
student99, T@jneH@$l0
student100, T@jneH@$l0
student101, T@jneH@$l0
student102, T@jneH@$l0
student103, T@jneH@$l0
student104, T@jneH@$l0
student105, T@jneH@$l0
student106, T@jneH@$l0
student107, T@jneH@$l0
student108, T@jneH@$l0
student109, T@jneH@$l0
student110, T@jneH@$l0
student111, T@jneH@$l0
student112, T@jneH@$l0
student113, T@jneH@$l0
student114, T@jneH@$l0
student115, T@jneH@$l0
student116, T@jneH@$l0
student117, T@jneH@$l0
student118, T@jneH@$l0
student119, T@jneH@$l0
student120, T@jneH@$l0
student121, T@jneH@$l0
student122, T@jneH@$l0
student123, T@jneH@$l0
student124, T@jneH@$l0
student125, T@jneH@$l0
student126, T@jneH@$l0
student127, T@jneH@$l0
student128, T@jneH@$l0
student129, T@jneH@$l0
student130, T@jneH@$l0
student131, T@jneH@$l0
student132, T@jneH@$l0
student133, T@jneH@$l0
student134, T@jneH@$l0
student135, T@jneH@$l0
student136, T@jneH@$l0
student137, T@jneH@$l0
student138, T@jneH@$l0
student139, T@jneH@$l0
student140, T@jneH@$l0
student141, T@jneH@$l0
student142, T@jneH@$l0
student143, T@jneH@$l0
student144, T@jneH@$l0
student145, T@jneH@$l0
student146, T@jneH@$l0
student147, T@jneH@$l0
student148, T@jneH@$l0
student149, T@jneH@$l0
student150, T@jneH@$l0
student151, T@jneH@$l0
student152, T@jneH@$l0
student153, T@jneH@$l0
student154, T@jneH@$l0
student155, T@jneH@$l0
student156, T@jneH@$l0
student157, T@jneH@$l0
student158, T@jneH@$l0
student159, T@jneH@$l0
student160, T@jneH@$l0
student161, T@jneH@$l0
student162, T@jneH@$l0
student163, T@jneH@$l0
student164, T@jneH@$l0
student165, T@jneH@$l0
student166, T@jneH@$l0
student167, T@jneH@$l0
student168, T@jneH@$l0
student169, T@jneH@$l0
student170, T@jneH@$l0
student171, T@jneH@$l0
student172, T@jneH@$l0
student173, T@jneH@$l0
student174, T@jneH@$l0
student175, T@jneH@$l0
student176, T@jneH@$l0
student177, T@jneH@$l0
student178, T@jneH@$l0
student179, T@jneH@$l0
student180, T@jneH@$l0
student181, T@jneH@$l0
student182, T@jneH@$l0
student183, T@jneH@$l0
student184, T@jneH@$l0
student185, T@jneH@$l0
student186, T@jneH@$l0
student187, T@jneH@$l0
student188, T@jneH@$l0
student189, T@jneH@$l0
student190, T@jneH@$l0
student191, T@jneH@$l0
student192, T@jneH@$l0
student193, T@jneH@$l0
student194, T@jneH@$l0
student195, T@jneH@$l0
student196, T@jneH@$l0
student197, T@jneH@$l0
student198, T@jneH@$l0
student199, T@jneH@$l0
student200, T@jneH@$l0
student201, T@jneH@$l0
student202, T@jneH@$l0
student203, T@jneH@$l0
student204, T@jneH@$l0
student205, T@jneH@$l0
student206, T@jneH@$l0
student207, T@jneH@$l0
student208, T@jneH@$l0
student209, T@jneH@$l0
student210, T@jneH@$l0
student211, T@jneH@$l0
student212, T@jneH@$l0
student213, T@jneH@$l0
student214, T@jneH@$l0
student215, T@jneH@$l0
student216, T@jneH@$l0
student217, T@jneH@$l0
student218, T@jneH@$l0
student219, T@jneH@$l0
student220, T@jneH@$l0
student221, T@jneH@$l0
student222, T@jneH@$l0
student223, T@jneH@$l0
student224, T@jneH@$l0
student225, T@jneH@$l0
student226, T@jneH@$l0
student227, T@jneH@$l0
student228, T@jneH@$l0
student229, T@jneH@$l0
student230, T@jneH@$l0
student231, T@jneH@$l0
student232, T@jneH@$l0
student233, T@jneH@$l0
student234, T@jneH@$l0
student235, T@jneH@$l0
student236, T@jneH@$l0
student237, T@jneH@$l0
student238, T@jneH@$l0
student239, T@jneH@$l0
student240, T@jneH@$l0
student241, T@jneH@$l0
student242, T@jneH@$l0
student243, T@jneH@$l0
student244, T@jneH@$l0
student245, T@jneH@$l0
student246, T@jneH@$l0
student247, T@jneH@$l0
student248, T@jneH@$l0
student249, T@jneH@$l0
student250, T@jneH@$l0
student251, T@jneH@$l0
student252, T@jneH@$l0
student253, T@jneH@$l0
student254, T@jneH@$l0
student255, T@jneH@$l0
student256, T@jneH@$l0
student257, T@jneH@$l0
student258, T@jneH@$l0
student259, T@jneH@$l0
student260, T@jneH@$l0
student261, T@jneH@$l0
student262, T@jneH@$l0
student263, T@jneH@$l0
student264, T@jneH@$l0
student265, T@jneH@$l0
student266, T@jneH@$l0
student267, T@jneH@$l0
student268, T@jneH@$l0
student269, T@jneH@$l0
student270, T@jneH@$l0
student271, T@jneH@$l0
student272, T@jneH@$l0
student273, T@jneH@$l0
student274, T@jneH@$l0
student275, T@jneH@$l0
student276, T@jneH@$l0
student277, T@jneH@$l0
student278, T@jneH@$l0
student279, T@jneH@$l0
student280, T@jneH@$l0
student281, T@jneH@$l0
student282, T@jneH@$l0
student283, T@jneH@$l0
student284, T@jneH@$l0
student285, T@jneH@$l0
student286, T@jneH@$l0
student287, T@jneH@$l0
student288, T@jneH@$l0
student289, T@jneH@$l0
student290, T@jneH@$l0
student291, T@jneH@$l0
student292, T@jneH@$l0
student293, T@jneH@$l0
student294, T@jneH@$l0
student295, T@jneH@$l0
student296, T@jneH@$l0
student297, T@jneH@$l0
student298, T@jneH@$l0
student299, T@jneH@$l0
student300, T@jneH@$l0
student301, T@jneH@$l0
student302, T@jneH@$l0
student303, T@jneH@$l0
student304, T@jneH@$l0
student305, T@jneH@$l0
student306, T@jneH@$l0
student307, T@jneH@$l0
student308, T@jneH@$l0
student309, T@jneH@$l0
student310, T@jneH@$l0
student311, T@jneH@$l0
student312, T@jneH@$l0
student313, T@jneH@$l0
student314, T@jneH@$l0
student315, T@jneH@$l0
student316, T@jneH@$l0
student317, T@jneH@$l0
student318, T@jneH@$l0
student319, T@jneH@$l0
student320, T@jneH@$l0
student321, T@jneH@$l0
student322, T@jneH@$l0
student323, T@jneH@$l0
student324, T@jneH@$l0
student325, T@jneH@$l0
student326, T@jneH@$l0
student327, T@jneH@$l0
student328, T@jneH@$l0
student329, T@jneH@$l0
student330, T@jneH@$l0
student331, T@jneH@$l0
student332, T@jneH@$l0
student333, T@jneH@$l0
student334, T@jneH@$l0
student335, T@jneH@$l0
student336, T@jneH@$l0
student337, T@jneH@$l0
student338, T@jneH@$l0
student339, T@jneH@$l0
student340, T@jneH@$l0
student341, T@jneH@$l0
student342, T@jneH@$l0
student343, T@jneH@$l0
student344, T@jneH@$l0
student345, T@jneH@$l0
student346, T@jneH@$l0
student347, T@jneH@$l0
student348, T@jneH@$l0
student349, T@jneH@$l0
student350, T@jneH@$l0
student351, T@jneH@$l0
student352, T@jneH@$l0
student353, T@jneH@$l0
student354, T@jneH@$l0
student355, T@jneH@$l0
student356, T@jneH@$l0
student357, T@jneH@$l0
student358, T@jneH@$l0
student359, T@jneH@$l0
student360, T@jneH@$l0
student361, T@jneH@$l0
student362, T@jneH@$l0
student363, T@jneH@$l0
student364, T@jneH@$l0
student365, T@jneH@$l0
student366, T@jneH@$l0
student367, T@jneH@$l0
student368, T@jneH@$l0
student369, T@jneH@$l0
student370, T@jneH@$l0
student371, T@jneH@$l0
student372, T@jneH@$l0
student373, T@jneH@$l0
student374, T@jneH@$l0
student375, T@jneH@$l0
student376, T@jneH@$l0
student377, T@jneH@$l0
student378, T@jneH@$l0
student379, T@jneH@$l0
student380, T@jneH@$l0
student381, T@jneH@$l0
student382, T@jneH@$l0
student383, T@jneH@$l0
student384, T@jneH@$l0
student385, T@jneH@$l0
student386, T@jneH@$l0
student387, T@jneH@$l0
student388, T@jneH@$l0
student389, T@jneH@$l0
student390, T@jneH@$l0
student391, T@jneH@$l0
student392, T@jneH@$l0
student393, T@jneH@$l0
student394, T@jneH@$l0
student395, T@jneH@$l0
student396, T@jneH@$l0
student397, T@jneH@$l0
student398, T@jneH@$l0
student399, T@jneH@$l0
student400, T@jneH@$l0
student401, T@jneH@$l0
student402, T@jneH@$l0
student403, T@jneH@$l0
student404, T@jneH@$l0
student405, T@jneH@$l0
student406, T@jneH@$l0
student407, T@jneH@$l0
student408, T@jneH@$l0
student409, T@jneH@$l0
student410, T@jneH@$l0
student411, T@jneH@$l0
student412, T@jneH@$l0
student413, T@jneH@$l0
student414, T@jneH@$l0
student415, T@jneH@$l0
student416, T@jneH@$l0
student417, T@jneH@$l0
student418, T@jneH@$l0
student419, T@jneH@$l0
student420, T@jneH@$l0
student421, T@jneH@$l0
student422, T@jneH@$l0
student423, T@jneH@$l0
student424, T@jneH@$l0
student425, T@jneH@$l0
student426, T@jneH@$l0
student427, T@jneH@$l0
student428, T@jneH@$l0
student429, T@jneH@$l0
student430, T@jneH@$l0
student431, T@jneH@$l0
student432, T@jneH@$l0
student433, T@jneH@$l0
student434, T@jneH@$l0
student435, T@jneH@$l0
student436, T@jneH@$l0
student437, T@jneH@$l0
student438, T@jneH@$l0
student439, T@jneH@$l0
student440, T@jneH@$l0
student441, T@jneH@$l0
student442, T@jneH@$l0
student443, T@jneH@$l0
student444, T@jneH@$l0
student445, T@jneH@$l0
student446, T@jneH@$l0
student447, T@jneH@$l0
student448, T@jneH@$l0
student449, T@jneH@$l0
student450, T@jneH@$l0
student451, T@jneH@$l0
student452, T@jneH@$l0
student453, T@jneH@$l0
student454, T@jneH@$l0
student455, T@jneH@$l0
student456, T@jneH@$l0
student457, T@jneH@$l0
student458, T@jneH@$l0
student459, T@jneH@$l0
student460, T@jneH@$l0
student461, T@jneH@$l0
student462, T@jneH@$l0
student463, T@jneH@$l0
student464, T@jneH@$l0
student465, T@jneH@$l0
student466, T@jneH@$l0
student467, T@jneH@$l0
student468, T@jneH@$l0
student469, T@jneH@$l0
student470, T@jneH@$l0
student471, T@jneH@$l0
student472, T@jneH@$l0
student473, T@jneH@$l0
student474, T@jneH@$l0
student475, T@jneH@$l0
student476, T@jneH@$l0
student477, T@jneH@$l0
student478, T@jneH@$l0
student479, T@jneH@$l0
student480, T@jneH@$l0
student481, T@jneH@$l0
student482, T@jneH@$l0
student483, T@jneH@$l0
student484, T@jneH@$l0
student485, T@jneH@$l0
student486, T@jneH@$l0
student487, T@jneH@$l0
student488, T@jneH@$l0
student489, T@jneH@$l0
student490, T@jneH@$l0
student491, T@jneH@$l0
student492, T@jneH@$l0
student493, T@jneH@$l0
student494, T@jneH@$l0
student495, T@jneH@$l0
student496, T@jneH@$l0
student497, T@jneH@$l0
student498, T@jneH@$l0
student499, T@jneH@$l0
student500, T@jneH@$l0
