username,password,firstname,lastname,email,course1,role1
student1, T@jneH@$l0, Student1, Student, student1@example.com, testCourse, 5
student2, T@jneH@$l0, Student2, Student, student2@example.com, testCourse, 5
student3, T@jneH@$l0, Student3, Student, student3@example.com, testCourse, 5
student4, T@jneH@$l0, Student4, Student, student4@example.com, testCourse, 5
student5, T@jneH@$l0, Student5, Student, student5@example.com, testCourse, 5
student6, T@jneH@$l0, Student6, Student, student6@example.com, testCourse, 5
student7, T@jneH@$l0, Student7, Student, student7@example.com, testCourse, 5
student8, T@jneH@$l0, Student8, Student, student8@example.com, testCourse, 5
student9, T@jneH@$l0, Student9, Student, student9@example.com, testCourse, 5
student10, T@jneH@$l0, Student10, Student, student10@example.com, testCourse, 5
student11, T@jneH@$l0, Student11, Student, student11@example.com, testCourse, 5
student12, T@jneH@$l0, Student12, Student, student12@example.com, testCourse, 5
student13, T@jneH@$l0, Student13, Student, student13@example.com, testCourse, 5
student14, T@jneH@$l0, Student14, Student, student14@example.com, testCourse, 5
student15, T@jneH@$l0, Student15, Student, student15@example.com, testCourse, 5
student16, T@jneH@$l0, Student16, Student, student16@example.com, testCourse, 5
student17, T@jneH@$l0, Student17, Student, student17@example.com, testCourse, 5
student18, T@jneH@$l0, Student18, Student, student18@example.com, testCourse, 5
student19, T@jneH@$l0, Student19, Student, student19@example.com, testCourse, 5
student20, T@jneH@$l0, Student20, Student, student20@example.com, testCourse, 5
student21, T@jneH@$l0, Student21, Student, student21@example.com, testCourse, 5
student22, T@jneH@$l0, Student22, Student, student22@example.com, testCourse, 5
student23, T@jneH@$l0, Student23, Student, student23@example.com, testCourse, 5
student24, T@jneH@$l0, Student24, Student, student24@example.com, testCourse, 5
student25, T@jneH@$l0, Student25, Student, student25@example.com, testCourse, 5
student26, T@jneH@$l0, Student26, Student, student26@example.com, testCourse, 5
student27, T@jneH@$l0, Student27, Student, student27@example.com, testCourse, 5
student28, T@jneH@$l0, Student28, Student, student28@example.com, testCourse, 5
student29, T@jneH@$l0, Student29, Student, student29@example.com, testCourse, 5
student30, T@jneH@$l0, Student30, Student, student30@example.com, testCourse, 5
student31, T@jneH@$l0, Student31, Student, student31@example.com, testCourse, 5
student32, T@jneH@$l0, Student32, Student, student32@example.com, testCourse, 5
student33, T@jneH@$l0, Student33, Student, student33@example.com, testCourse, 5
student34, T@jneH@$l0, Student34, Student, student34@example.com, testCourse, 5
student35, T@jneH@$l0, Student35, Student, student35@example.com, testCourse, 5
student36, T@jneH@$l0, Student36, Student, student36@example.com, testCourse, 5
student37, T@jneH@$l0, Student37, Student, student37@example.com, testCourse, 5
student38, T@jneH@$l0, Student38, Student, student38@example.com, testCourse, 5
student39, T@jneH@$l0, Student39, Student, student39@example.com, testCourse, 5
student40, T@jneH@$l0, Student40, Student, student40@example.com, testCourse, 5
student41, T@jneH@$l0, Student41, Student, student41@example.com, testCourse, 5
student42, T@jneH@$l0, Student42, Student, student42@example.com, testCourse, 5
student43, T@jneH@$l0, Student43, Student, student43@example.com, testCourse, 5
student44, T@jneH@$l0, Student44, Student, student44@example.com, testCourse, 5
student45, T@jneH@$l0, Student45, Student, student45@example.com, testCourse, 5
student46, T@jneH@$l0, Student46, Student, student46@example.com, testCourse, 5
student47, T@jneH@$l0, Student47, Student, student47@example.com, testCourse, 5
student48, T@jneH@$l0, Student48, Student, student48@example.com, testCourse, 5
student49, T@jneH@$l0, Student49, Student, student49@example.com, testCourse, 5
student50, T@jneH@$l0, Student50, Student, student50@example.com, testCourse, 5
student51, T@jneH@$l0, Student51, Student, student51@example.com, testCourse, 5
student52, T@jneH@$l0, Student52, Student, student52@example.com, testCourse, 5
student53, T@jneH@$l0, Student53, Student, student53@example.com, testCourse, 5
student54, T@jneH@$l0, Student54, Student, student54@example.com, testCourse, 5
student55, T@jneH@$l0, Student55, Student, student55@example.com, testCourse, 5
student56, T@jneH@$l0, Student56, Student, student56@example.com, testCourse, 5
student57, T@jneH@$l0, Student57, Student, student57@example.com, testCourse, 5
student58, T@jneH@$l0, Student58, Student, student58@example.com, testCourse, 5
student59, T@jneH@$l0, Student59, Student, student59@example.com, testCourse, 5
student60, T@jneH@$l0, Student60, Student, student60@example.com, testCourse, 5
student61, T@jneH@$l0, Student61, Student, student61@example.com, testCourse, 5
student62, T@jneH@$l0, Student62, Student, student62@example.com, testCourse, 5
student63, T@jneH@$l0, Student63, Student, student63@example.com, testCourse, 5
student64, T@jneH@$l0, Student64, Student, student64@example.com, testCourse, 5
student65, T@jneH@$l0, Student65, Student, student65@example.com, testCourse, 5
student66, T@jneH@$l0, Student66, Student, student66@example.com, testCourse, 5
student67, T@jneH@$l0, Student67, Student, student67@example.com, testCourse, 5
student68, T@jneH@$l0, Student68, Student, student68@example.com, testCourse, 5
student69, T@jneH@$l0, Student69, Student, student69@example.com, testCourse, 5
student70, T@jneH@$l0, Student70, Student, student70@example.com, testCourse, 5
student71, T@jneH@$l0, Student71, Student, student71@example.com, testCourse, 5
student72, T@jneH@$l0, Student72, Student, student72@example.com, testCourse, 5
student73, T@jneH@$l0, Student73, Student, student73@example.com, testCourse, 5
student74, T@jneH@$l0, Student74, Student, student74@example.com, testCourse, 5
student75, T@jneH@$l0, Student75, Student, student75@example.com, testCourse, 5
student76, T@jneH@$l0, Student76, Student, student76@example.com, testCourse, 5
student77, T@jneH@$l0, Student77, Student, student77@example.com, testCourse, 5
student78, T@jneH@$l0, Student78, Student, student78@example.com, testCourse, 5
student79, T@jneH@$l0, Student79, Student, student79@example.com, testCourse, 5
student80, T@jneH@$l0, Student80, Student, student80@example.com, testCourse, 5
student81, T@jneH@$l0, Student81, Student, student81@example.com, testCourse, 5
student82, T@jneH@$l0, Student82, Student, student82@example.com, testCourse, 5
student83, T@jneH@$l0, Student83, Student, student83@example.com, testCourse, 5
student84, T@jneH@$l0, Student84, Student, student84@example.com, testCourse, 5
student85, T@jneH@$l0, Student85, Student, student85@example.com, testCourse, 5
student86, T@jneH@$l0, Student86, Student, student86@example.com, testCourse, 5
student87, T@jneH@$l0, Student87, Student, student87@example.com, testCourse, 5
student88, T@jneH@$l0, Student88, Student, student88@example.com, testCourse, 5
student89, T@jneH@$l0, Student89, Student, student89@example.com, testCourse, 5
student90, T@jneH@$l0, Student90, Student, student90@example.com, testCourse, 5
student91, T@jneH@$l0, Student91, Student, student91@example.com, testCourse, 5
student92, T@jneH@$l0, Student92, Student, student92@example.com, testCourse, 5
student93, T@jneH@$l0, Student93, Student, student93@example.com, testCourse, 5
student94, T@jneH@$l0, Student94, Student, student94@example.com, testCourse, 5
student95, T@jneH@$l0, Student95, Student, student95@example.com, testCourse, 5
student96, T@jneH@$l0, Student96, Student, student96@example.com, testCourse, 5
student97, T@jneH@$l0, Student97, Student, student97@example.com, testCourse, 5
student98, T@jneH@$l0, Student98, Student, student98@example.com, testCourse, 5
student99, T@jneH@$l0, Student99, Student, student99@example.com, testCourse, 5
student100, T@jneH@$l0, Student100, Student, student100@example.com, testCourse, 5
student101, T@jneH@$l0, Student101, Student, student101@example.com, testCourse, 5
student102, T@jneH@$l0, Student102, Student, student102@example.com, testCourse, 5
student103, T@jneH@$l0, Student103, Student, student103@example.com, testCourse, 5
student104, T@jneH@$l0, Student104, Student, student104@example.com, testCourse, 5
student105, T@jneH@$l0, Student105, Student, student105@example.com, testCourse, 5
student106, T@jneH@$l0, Student106, Student, student106@example.com, testCourse, 5
student107, T@jneH@$l0, Student107, Student, student107@example.com, testCourse, 5
student108, T@jneH@$l0, Student108, Student, student108@example.com, testCourse, 5
student109, T@jneH@$l0, Student109, Student, student109@example.com, testCourse, 5
student110, T@jneH@$l0, Student110, Student, student110@example.com, testCourse, 5
student111, T@jneH@$l0, Student111, Student, student111@example.com, testCourse, 5
student112, T@jneH@$l0, Student112, Student, student112@example.com, testCourse, 5
student113, T@jneH@$l0, Student113, Student, student113@example.com, testCourse, 5
student114, T@jneH@$l0, Student114, Student, student114@example.com, testCourse, 5
student115, T@jneH@$l0, Student115, Student, student115@example.com, testCourse, 5
student116, T@jneH@$l0, Student116, Student, student116@example.com, testCourse, 5
student117, T@jneH@$l0, Student117, Student, student117@example.com, testCourse, 5
student118, T@jneH@$l0, Student118, Student, student118@example.com, testCourse, 5
student119, T@jneH@$l0, Student119, Student, student119@example.com, testCourse, 5
student120, T@jneH@$l0, Student120, Student, student120@example.com, testCourse, 5
student121, T@jneH@$l0, Student121, Student, student121@example.com, testCourse, 5
student122, T@jneH@$l0, Student122, Student, student122@example.com, testCourse, 5
student123, T@jneH@$l0, Student123, Student, student123@example.com, testCourse, 5
student124, T@jneH@$l0, Student124, Student, student124@example.com, testCourse, 5
student125, T@jneH@$l0, Student125, Student, student125@example.com, testCourse, 5
student126, T@jneH@$l0, Student126, Student, student126@example.com, testCourse, 5
student127, T@jneH@$l0, Student127, Student, student127@example.com, testCourse, 5
student128, T@jneH@$l0, Student128, Student, student128@example.com, testCourse, 5
student129, T@jneH@$l0, Student129, Student, student129@example.com, testCourse, 5
student130, T@jneH@$l0, Student130, Student, student130@example.com, testCourse, 5
student131, T@jneH@$l0, Student131, Student, student131@example.com, testCourse, 5
student132, T@jneH@$l0, Student132, Student, student132@example.com, testCourse, 5
student133, T@jneH@$l0, Student133, Student, student133@example.com, testCourse, 5
student134, T@jneH@$l0, Student134, Student, student134@example.com, testCourse, 5
student135, T@jneH@$l0, Student135, Student, student135@example.com, testCourse, 5
student136, T@jneH@$l0, Student136, Student, student136@example.com, testCourse, 5
student137, T@jneH@$l0, Student137, Student, student137@example.com, testCourse, 5
student138, T@jneH@$l0, Student138, Student, student138@example.com, testCourse, 5
student139, T@jneH@$l0, Student139, Student, student139@example.com, testCourse, 5
student140, T@jneH@$l0, Student140, Student, student140@example.com, testCourse, 5
student141, T@jneH@$l0, Student141, Student, student141@example.com, testCourse, 5
student142, T@jneH@$l0, Student142, Student, student142@example.com, testCourse, 5
student143, T@jneH@$l0, Student143, Student, student143@example.com, testCourse, 5
student144, T@jneH@$l0, Student144, Student, student144@example.com, testCourse, 5
student145, T@jneH@$l0, Student145, Student, student145@example.com, testCourse, 5
student146, T@jneH@$l0, Student146, Student, student146@example.com, testCourse, 5
student147, T@jneH@$l0, Student147, Student, student147@example.com, testCourse, 5
student148, T@jneH@$l0, Student148, Student, student148@example.com, testCourse, 5
student149, T@jneH@$l0, Student149, Student, student149@example.com, testCourse, 5
student150, T@jneH@$l0, Student150, Student, student150@example.com, testCourse, 5
student151, T@jneH@$l0, Student151, Student, student151@example.com, testCourse, 5
student152, T@jneH@$l0, Student152, Student, student152@example.com, testCourse, 5
student153, T@jneH@$l0, Student153, Student, student153@example.com, testCourse, 5
student154, T@jneH@$l0, Student154, Student, student154@example.com, testCourse, 5
student155, T@jneH@$l0, Student155, Student, student155@example.com, testCourse, 5
student156, T@jneH@$l0, Student156, Student, student156@example.com, testCourse, 5
student157, T@jneH@$l0, Student157, Student, student157@example.com, testCourse, 5
student158, T@jneH@$l0, Student158, Student, student158@example.com, testCourse, 5
student159, T@jneH@$l0, Student159, Student, student159@example.com, testCourse, 5
student160, T@jneH@$l0, Student160, Student, student160@example.com, testCourse, 5
student161, T@jneH@$l0, Student161, Student, student161@example.com, testCourse, 5
student162, T@jneH@$l0, Student162, Student, student162@example.com, testCourse, 5
student163, T@jneH@$l0, Student163, Student, student163@example.com, testCourse, 5
student164, T@jneH@$l0, Student164, Student, student164@example.com, testCourse, 5
student165, T@jneH@$l0, Student165, Student, student165@example.com, testCourse, 5
student166, T@jneH@$l0, Student166, Student, student166@example.com, testCourse, 5
student167, T@jneH@$l0, Student167, Student, student167@example.com, testCourse, 5
student168, T@jneH@$l0, Student168, Student, student168@example.com, testCourse, 5
student169, T@jneH@$l0, Student169, Student, student169@example.com, testCourse, 5
student170, T@jneH@$l0, Student170, Student, student170@example.com, testCourse, 5
student171, T@jneH@$l0, Student171, Student, student171@example.com, testCourse, 5
student172, T@jneH@$l0, Student172, Student, student172@example.com, testCourse, 5
student173, T@jneH@$l0, Student173, Student, student173@example.com, testCourse, 5
student174, T@jneH@$l0, Student174, Student, student174@example.com, testCourse, 5
student175, T@jneH@$l0, Student175, Student, student175@example.com, testCourse, 5
student176, T@jneH@$l0, Student176, Student, student176@example.com, testCourse, 5
student177, T@jneH@$l0, Student177, Student, student177@example.com, testCourse, 5
student178, T@jneH@$l0, Student178, Student, student178@example.com, testCourse, 5
student179, T@jneH@$l0, Student179, Student, student179@example.com, testCourse, 5
student180, T@jneH@$l0, Student180, Student, student180@example.com, testCourse, 5
student181, T@jneH@$l0, Student181, Student, student181@example.com, testCourse, 5
student182, T@jneH@$l0, Student182, Student, student182@example.com, testCourse, 5
student183, T@jneH@$l0, Student183, Student, student183@example.com, testCourse, 5
student184, T@jneH@$l0, Student184, Student, student184@example.com, testCourse, 5
student185, T@jneH@$l0, Student185, Student, student185@example.com, testCourse, 5
student186, T@jneH@$l0, Student186, Student, student186@example.com, testCourse, 5
student187, T@jneH@$l0, Student187, Student, student187@example.com, testCourse, 5
student188, T@jneH@$l0, Student188, Student, student188@example.com, testCourse, 5
student189, T@jneH@$l0, Student189, Student, student189@example.com, testCourse, 5
student190, T@jneH@$l0, Student190, Student, student190@example.com, testCourse, 5
student191, T@jneH@$l0, Student191, Student, student191@example.com, testCourse, 5
student192, T@jneH@$l0, Student192, Student, student192@example.com, testCourse, 5
student193, T@jneH@$l0, Student193, Student, student193@example.com, testCourse, 5
student194, T@jneH@$l0, Student194, Student, student194@example.com, testCourse, 5
student195, T@jneH@$l0, Student195, Student, student195@example.com, testCourse, 5
student196, T@jneH@$l0, Student196, Student, student196@example.com, testCourse, 5
student197, T@jneH@$l0, Student197, Student, student197@example.com, testCourse, 5
student198, T@jneH@$l0, Student198, Student, student198@example.com, testCourse, 5
student199, T@jneH@$l0, Student199, Student, student199@example.com, testCourse, 5
student200, T@jneH@$l0, Student200, Student, student200@example.com, testCourse, 5
student201, T@jneH@$l0, Student201, Student, student201@example.com, testCourse, 5
student202, T@jneH@$l0, Student202, Student, student202@example.com, testCourse, 5
student203, T@jneH@$l0, Student203, Student, student203@example.com, testCourse, 5
student204, T@jneH@$l0, Student204, Student, student204@example.com, testCourse, 5
student205, T@jneH@$l0, Student205, Student, student205@example.com, testCourse, 5
student206, T@jneH@$l0, Student206, Student, student206@example.com, testCourse, 5
student207, T@jneH@$l0, Student207, Student, student207@example.com, testCourse, 5
student208, T@jneH@$l0, Student208, Student, student208@example.com, testCourse, 5
student209, T@jneH@$l0, Student209, Student, student209@example.com, testCourse, 5
student210, T@jneH@$l0, Student210, Student, student210@example.com, testCourse, 5
student211, T@jneH@$l0, Student211, Student, student211@example.com, testCourse, 5
student212, T@jneH@$l0, Student212, Student, student212@example.com, testCourse, 5
student213, T@jneH@$l0, Student213, Student, student213@example.com, testCourse, 5
student214, T@jneH@$l0, Student214, Student, student214@example.com, testCourse, 5
student215, T@jneH@$l0, Student215, Student, student215@example.com, testCourse, 5
student216, T@jneH@$l0, Student216, Student, student216@example.com, testCourse, 5
student217, T@jneH@$l0, Student217, Student, student217@example.com, testCourse, 5
student218, T@jneH@$l0, Student218, Student, student218@example.com, testCourse, 5
student219, T@jneH@$l0, Student219, Student, student219@example.com, testCourse, 5
student220, T@jneH@$l0, Student220, Student, student220@example.com, testCourse, 5
student221, T@jneH@$l0, Student221, Student, student221@example.com, testCourse, 5
student222, T@jneH@$l0, Student222, Student, student222@example.com, testCourse, 5
student223, T@jneH@$l0, Student223, Student, student223@example.com, testCourse, 5
student224, T@jneH@$l0, Student224, Student, student224@example.com, testCourse, 5
student225, T@jneH@$l0, Student225, Student, student225@example.com, testCourse, 5
student226, T@jneH@$l0, Student226, Student, student226@example.com, testCourse, 5
student227, T@jneH@$l0, Student227, Student, student227@example.com, testCourse, 5
student228, T@jneH@$l0, Student228, Student, student228@example.com, testCourse, 5
student229, T@jneH@$l0, Student229, Student, student229@example.com, testCourse, 5
student230, T@jneH@$l0, Student230, Student, student230@example.com, testCourse, 5
student231, T@jneH@$l0, Student231, Student, student231@example.com, testCourse, 5
student232, T@jneH@$l0, Student232, Student, student232@example.com, testCourse, 5
student233, T@jneH@$l0, Student233, Student, student233@example.com, testCourse, 5
student234, T@jneH@$l0, Student234, Student, student234@example.com, testCourse, 5
student235, T@jneH@$l0, Student235, Student, student235@example.com, testCourse, 5
student236, T@jneH@$l0, Student236, Student, student236@example.com, testCourse, 5
student237, T@jneH@$l0, Student237, Student, student237@example.com, testCourse, 5
student238, T@jneH@$l0, Student238, Student, student238@example.com, testCourse, 5
student239, T@jneH@$l0, Student239, Student, student239@example.com, testCourse, 5
student240, T@jneH@$l0, Student240, Student, student240@example.com, testCourse, 5
student241, T@jneH@$l0, Student241, Student, student241@example.com, testCourse, 5
student242, T@jneH@$l0, Student242, Student, student242@example.com, testCourse, 5
student243, T@jneH@$l0, Student243, Student, student243@example.com, testCourse, 5
student244, T@jneH@$l0, Student244, Student, student244@example.com, testCourse, 5
student245, T@jneH@$l0, Student245, Student, student245@example.com, testCourse, 5
student246, T@jneH@$l0, Student246, Student, student246@example.com, testCourse, 5
student247, T@jneH@$l0, Student247, Student, student247@example.com, testCourse, 5
student248, T@jneH@$l0, Student248, Student, student248@example.com, testCourse, 5
student249, T@jneH@$l0, Student249, Student, student249@example.com, testCourse, 5
student250, T@jneH@$l0, Student250, Student, student250@example.com, testCourse, 5
student251, T@jneH@$l0, Student251, Student, student251@example.com, testCourse, 5
student252, T@jneH@$l0, Student252, Student, student252@example.com, testCourse, 5
student253, T@jneH@$l0, Student253, Student, student253@example.com, testCourse, 5
student254, T@jneH@$l0, Student254, Student, student254@example.com, testCourse, 5
student255, T@jneH@$l0, Student255, Student, student255@example.com, testCourse, 5
student256, T@jneH@$l0, Student256, Student, student256@example.com, testCourse, 5
student257, T@jneH@$l0, Student257, Student, student257@example.com, testCourse, 5
student258, T@jneH@$l0, Student258, Student, student258@example.com, testCourse, 5
student259, T@jneH@$l0, Student259, Student, student259@example.com, testCourse, 5
student260, T@jneH@$l0, Student260, Student, student260@example.com, testCourse, 5
student261, T@jneH@$l0, Student261, Student, student261@example.com, testCourse, 5
student262, T@jneH@$l0, Student262, Student, student262@example.com, testCourse, 5
student263, T@jneH@$l0, Student263, Student, student263@example.com, testCourse, 5
student264, T@jneH@$l0, Student264, Student, student264@example.com, testCourse, 5
student265, T@jneH@$l0, Student265, Student, student265@example.com, testCourse, 5
student266, T@jneH@$l0, Student266, Student, student266@example.com, testCourse, 5
student267, T@jneH@$l0, Student267, Student, student267@example.com, testCourse, 5
student268, T@jneH@$l0, Student268, Student, student268@example.com, testCourse, 5
student269, T@jneH@$l0, Student269, Student, student269@example.com, testCourse, 5
student270, T@jneH@$l0, Student270, Student, student270@example.com, testCourse, 5
student271, T@jneH@$l0, Student271, Student, student271@example.com, testCourse, 5
student272, T@jneH@$l0, Student272, Student, student272@example.com, testCourse, 5
student273, T@jneH@$l0, Student273, Student, student273@example.com, testCourse, 5
student274, T@jneH@$l0, Student274, Student, student274@example.com, testCourse, 5
student275, T@jneH@$l0, Student275, Student, student275@example.com, testCourse, 5
student276, T@jneH@$l0, Student276, Student, student276@example.com, testCourse, 5
student277, T@jneH@$l0, Student277, Student, student277@example.com, testCourse, 5
student278, T@jneH@$l0, Student278, Student, student278@example.com, testCourse, 5
student279, T@jneH@$l0, Student279, Student, student279@example.com, testCourse, 5
student280, T@jneH@$l0, Student280, Student, student280@example.com, testCourse, 5
student281, T@jneH@$l0, Student281, Student, student281@example.com, testCourse, 5
student282, T@jneH@$l0, Student282, Student, student282@example.com, testCourse, 5
student283, T@jneH@$l0, Student283, Student, student283@example.com, testCourse, 5
student284, T@jneH@$l0, Student284, Student, student284@example.com, testCourse, 5
student285, T@jneH@$l0, Student285, Student, student285@example.com, testCourse, 5
student286, T@jneH@$l0, Student286, Student, student286@example.com, testCourse, 5
student287, T@jneH@$l0, Student287, Student, student287@example.com, testCourse, 5
student288, T@jneH@$l0, Student288, Student, student288@example.com, testCourse, 5
student289, T@jneH@$l0, Student289, Student, student289@example.com, testCourse, 5
student290, T@jneH@$l0, Student290, Student, student290@example.com, testCourse, 5
student291, T@jneH@$l0, Student291, Student, student291@example.com, testCourse, 5
student292, T@jneH@$l0, Student292, Student, student292@example.com, testCourse, 5
student293, T@jneH@$l0, Student293, Student, student293@example.com, testCourse, 5
student294, T@jneH@$l0, Student294, Student, student294@example.com, testCourse, 5
student295, T@jneH@$l0, Student295, Student, student295@example.com, testCourse, 5
student296, T@jneH@$l0, Student296, Student, student296@example.com, testCourse, 5
student297, T@jneH@$l0, Student297, Student, student297@example.com, testCourse, 5
student298, T@jneH@$l0, Student298, Student, student298@example.com, testCourse, 5
student299, T@jneH@$l0, Student299, Student, student299@example.com, testCourse, 5
student300, T@jneH@$l0, Student300, Student, student300@example.com, testCourse, 5
student301, T@jneH@$l0, Student301, Student, student301@example.com, testCourse, 5
student302, T@jneH@$l0, Student302, Student, student302@example.com, testCourse, 5
student303, T@jneH@$l0, Student303, Student, student303@example.com, testCourse, 5
student304, T@jneH@$l0, Student304, Student, student304@example.com, testCourse, 5
student305, T@jneH@$l0, Student305, Student, student305@example.com, testCourse, 5
student306, T@jneH@$l0, Student306, Student, student306@example.com, testCourse, 5
student307, T@jneH@$l0, Student307, Student, student307@example.com, testCourse, 5
student308, T@jneH@$l0, Student308, Student, student308@example.com, testCourse, 5
student309, T@jneH@$l0, Student309, Student, student309@example.com, testCourse, 5
student310, T@jneH@$l0, Student310, Student, student310@example.com, testCourse, 5
student311, T@jneH@$l0, Student311, Student, student311@example.com, testCourse, 5
student312, T@jneH@$l0, Student312, Student, student312@example.com, testCourse, 5
student313, T@jneH@$l0, Student313, Student, student313@example.com, testCourse, 5
student314, T@jneH@$l0, Student314, Student, student314@example.com, testCourse, 5
student315, T@jneH@$l0, Student315, Student, student315@example.com, testCourse, 5
student316, T@jneH@$l0, Student316, Student, student316@example.com, testCourse, 5
student317, T@jneH@$l0, Student317, Student, student317@example.com, testCourse, 5
student318, T@jneH@$l0, Student318, Student, student318@example.com, testCourse, 5
student319, T@jneH@$l0, Student319, Student, student319@example.com, testCourse, 5
student320, T@jneH@$l0, Student320, Student, student320@example.com, testCourse, 5
student321, T@jneH@$l0, Student321, Student, student321@example.com, testCourse, 5
student322, T@jneH@$l0, Student322, Student, student322@example.com, testCourse, 5
student323, T@jneH@$l0, Student323, Student, student323@example.com, testCourse, 5
student324, T@jneH@$l0, Student324, Student, student324@example.com, testCourse, 5
student325, T@jneH@$l0, Student325, Student, student325@example.com, testCourse, 5
student326, T@jneH@$l0, Student326, Student, student326@example.com, testCourse, 5
student327, T@jneH@$l0, Student327, Student, student327@example.com, testCourse, 5
student328, T@jneH@$l0, Student328, Student, student328@example.com, testCourse, 5
student329, T@jneH@$l0, Student329, Student, student329@example.com, testCourse, 5
student330, T@jneH@$l0, Student330, Student, student330@example.com, testCourse, 5
student331, T@jneH@$l0, Student331, Student, student331@example.com, testCourse, 5
student332, T@jneH@$l0, Student332, Student, student332@example.com, testCourse, 5
student333, T@jneH@$l0, Student333, Student, student333@example.com, testCourse, 5
student334, T@jneH@$l0, Student334, Student, student334@example.com, testCourse, 5
student335, T@jneH@$l0, Student335, Student, student335@example.com, testCourse, 5
student336, T@jneH@$l0, Student336, Student, student336@example.com, testCourse, 5
student337, T@jneH@$l0, Student337, Student, student337@example.com, testCourse, 5
student338, T@jneH@$l0, Student338, Student, student338@example.com, testCourse, 5
student339, T@jneH@$l0, Student339, Student, student339@example.com, testCourse, 5
student340, T@jneH@$l0, Student340, Student, student340@example.com, testCourse, 5
student341, T@jneH@$l0, Student341, Student, student341@example.com, testCourse, 5
student342, T@jneH@$l0, Student342, Student, student342@example.com, testCourse, 5
student343, T@jneH@$l0, Student343, Student, student343@example.com, testCourse, 5
student344, T@jneH@$l0, Student344, Student, student344@example.com, testCourse, 5
student345, T@jneH@$l0, Student345, Student, student345@example.com, testCourse, 5
student346, T@jneH@$l0, Student346, Student, student346@example.com, testCourse, 5
student347, T@jneH@$l0, Student347, Student, student347@example.com, testCourse, 5
student348, T@jneH@$l0, Student348, Student, student348@example.com, testCourse, 5
student349, T@jneH@$l0, Student349, Student, student349@example.com, testCourse, 5
student350, T@jneH@$l0, Student350, Student, student350@example.com, testCourse, 5
student351, T@jneH@$l0, Student351, Student, student351@example.com, testCourse, 5
student352, T@jneH@$l0, Student352, Student, student352@example.com, testCourse, 5
student353, T@jneH@$l0, Student353, Student, student353@example.com, testCourse, 5
student354, T@jneH@$l0, Student354, Student, student354@example.com, testCourse, 5
student355, T@jneH@$l0, Student355, Student, student355@example.com, testCourse, 5
student356, T@jneH@$l0, Student356, Student, student356@example.com, testCourse, 5
student357, T@jneH@$l0, Student357, Student, student357@example.com, testCourse, 5
student358, T@jneH@$l0, Student358, Student, student358@example.com, testCourse, 5
student359, T@jneH@$l0, Student359, Student, student359@example.com, testCourse, 5
student360, T@jneH@$l0, Student360, Student, student360@example.com, testCourse, 5
student361, T@jneH@$l0, Student361, Student, student361@example.com, testCourse, 5
student362, T@jneH@$l0, Student362, Student, student362@example.com, testCourse, 5
student363, T@jneH@$l0, Student363, Student, student363@example.com, testCourse, 5
student364, T@jneH@$l0, Student364, Student, student364@example.com, testCourse, 5
student365, T@jneH@$l0, Student365, Student, student365@example.com, testCourse, 5
student366, T@jneH@$l0, Student366, Student, student366@example.com, testCourse, 5
student367, T@jneH@$l0, Student367, Student, student367@example.com, testCourse, 5
student368, T@jneH@$l0, Student368, Student, student368@example.com, testCourse, 5
student369, T@jneH@$l0, Student369, Student, student369@example.com, testCourse, 5
student370, T@jneH@$l0, Student370, Student, student370@example.com, testCourse, 5
student371, T@jneH@$l0, Student371, Student, student371@example.com, testCourse, 5
student372, T@jneH@$l0, Student372, Student, student372@example.com, testCourse, 5
student373, T@jneH@$l0, Student373, Student, student373@example.com, testCourse, 5
student374, T@jneH@$l0, Student374, Student, student374@example.com, testCourse, 5
student375, T@jneH@$l0, Student375, Student, student375@example.com, testCourse, 5
student376, T@jneH@$l0, Student376, Student, student376@example.com, testCourse, 5
student377, T@jneH@$l0, Student377, Student, student377@example.com, testCourse, 5
student378, T@jneH@$l0, Student378, Student, student378@example.com, testCourse, 5
student379, T@jneH@$l0, Student379, Student, student379@example.com, testCourse, 5
student380, T@jneH@$l0, Student380, Student, student380@example.com, testCourse, 5
student381, T@jneH@$l0, Student381, Student, student381@example.com, testCourse, 5
student382, T@jneH@$l0, Student382, Student, student382@example.com, testCourse, 5
student383, T@jneH@$l0, Student383, Student, student383@example.com, testCourse, 5
student384, T@jneH@$l0, Student384, Student, student384@example.com, testCourse, 5
student385, T@jneH@$l0, Student385, Student, student385@example.com, testCourse, 5
student386, T@jneH@$l0, Student386, Student, student386@example.com, testCourse, 5
student387, T@jneH@$l0, Student387, Student, student387@example.com, testCourse, 5
student388, T@jneH@$l0, Student388, Student, student388@example.com, testCourse, 5
student389, T@jneH@$l0, Student389, Student, student389@example.com, testCourse, 5
student390, T@jneH@$l0, Student390, Student, student390@example.com, testCourse, 5
student391, T@jneH@$l0, Student391, Student, student391@example.com, testCourse, 5
student392, T@jneH@$l0, Student392, Student, student392@example.com, testCourse, 5
student393, T@jneH@$l0, Student393, Student, student393@example.com, testCourse, 5
student394, T@jneH@$l0, Student394, Student, student394@example.com, testCourse, 5
student395, T@jneH@$l0, Student395, Student, student395@example.com, testCourse, 5
student396, T@jneH@$l0, Student396, Student, student396@example.com, testCourse, 5
student397, T@jneH@$l0, Student397, Student, student397@example.com, testCourse, 5
student398, T@jneH@$l0, Student398, Student, student398@example.com, testCourse, 5
student399, T@jneH@$l0, Student399, Student, student399@example.com, testCourse, 5
student400, T@jneH@$l0, Student400, Student, student400@example.com, testCourse, 5
student401, T@jneH@$l0, Student401, Student, student401@example.com, testCourse, 5
student402, T@jneH@$l0, Student402, Student, student402@example.com, testCourse, 5
student403, T@jneH@$l0, Student403, Student, student403@example.com, testCourse, 5
student404, T@jneH@$l0, Student404, Student, student404@example.com, testCourse, 5
student405, T@jneH@$l0, Student405, Student, student405@example.com, testCourse, 5
student406, T@jneH@$l0, Student406, Student, student406@example.com, testCourse, 5
student407, T@jneH@$l0, Student407, Student, student407@example.com, testCourse, 5
student408, T@jneH@$l0, Student408, Student, student408@example.com, testCourse, 5
student409, T@jneH@$l0, Student409, Student, student409@example.com, testCourse, 5
student410, T@jneH@$l0, Student410, Student, student410@example.com, testCourse, 5
student411, T@jneH@$l0, Student411, Student, student411@example.com, testCourse, 5
student412, T@jneH@$l0, Student412, Student, student412@example.com, testCourse, 5
student413, T@jneH@$l0, Student413, Student, student413@example.com, testCourse, 5
student414, T@jneH@$l0, Student414, Student, student414@example.com, testCourse, 5
student415, T@jneH@$l0, Student415, Student, student415@example.com, testCourse, 5
student416, T@jneH@$l0, Student416, Student, student416@example.com, testCourse, 5
student417, T@jneH@$l0, Student417, Student, student417@example.com, testCourse, 5
student418, T@jneH@$l0, Student418, Student, student418@example.com, testCourse, 5
student419, T@jneH@$l0, Student419, Student, student419@example.com, testCourse, 5
student420, T@jneH@$l0, Student420, Student, student420@example.com, testCourse, 5
student421, T@jneH@$l0, Student421, Student, student421@example.com, testCourse, 5
student422, T@jneH@$l0, Student422, Student, student422@example.com, testCourse, 5
student423, T@jneH@$l0, Student423, Student, student423@example.com, testCourse, 5
student424, T@jneH@$l0, Student424, Student, student424@example.com, testCourse, 5
student425, T@jneH@$l0, Student425, Student, student425@example.com, testCourse, 5
student426, T@jneH@$l0, Student426, Student, student426@example.com, testCourse, 5
student427, T@jneH@$l0, Student427, Student, student427@example.com, testCourse, 5
student428, T@jneH@$l0, Student428, Student, student428@example.com, testCourse, 5
student429, T@jneH@$l0, Student429, Student, student429@example.com, testCourse, 5
student430, T@jneH@$l0, Student430, Student, student430@example.com, testCourse, 5
student431, T@jneH@$l0, Student431, Student, student431@example.com, testCourse, 5
student432, T@jneH@$l0, Student432, Student, student432@example.com, testCourse, 5
student433, T@jneH@$l0, Student433, Student, student433@example.com, testCourse, 5
student434, T@jneH@$l0, Student434, Student, student434@example.com, testCourse, 5
student435, T@jneH@$l0, Student435, Student, student435@example.com, testCourse, 5
student436, T@jneH@$l0, Student436, Student, student436@example.com, testCourse, 5
student437, T@jneH@$l0, Student437, Student, student437@example.com, testCourse, 5
student438, T@jneH@$l0, Student438, Student, student438@example.com, testCourse, 5
student439, T@jneH@$l0, Student439, Student, student439@example.com, testCourse, 5
student440, T@jneH@$l0, Student440, Student, student440@example.com, testCourse, 5
student441, T@jneH@$l0, Student441, Student, student441@example.com, testCourse, 5
student442, T@jneH@$l0, Student442, Student, student442@example.com, testCourse, 5
student443, T@jneH@$l0, Student443, Student, student443@example.com, testCourse, 5
student444, T@jneH@$l0, Student444, Student, student444@example.com, testCourse, 5
student445, T@jneH@$l0, Student445, Student, student445@example.com, testCourse, 5
student446, T@jneH@$l0, Student446, Student, student446@example.com, testCourse, 5
student447, T@jneH@$l0, Student447, Student, student447@example.com, testCourse, 5
student448, T@jneH@$l0, Student448, Student, student448@example.com, testCourse, 5
student449, T@jneH@$l0, Student449, Student, student449@example.com, testCourse, 5
student450, T@jneH@$l0, Student450, Student, student450@example.com, testCourse, 5
student451, T@jneH@$l0, Student451, Student, student451@example.com, testCourse, 5
student452, T@jneH@$l0, Student452, Student, student452@example.com, testCourse, 5
student453, T@jneH@$l0, Student453, Student, student453@example.com, testCourse, 5
student454, T@jneH@$l0, Student454, Student, student454@example.com, testCourse, 5
student455, T@jneH@$l0, Student455, Student, student455@example.com, testCourse, 5
student456, T@jneH@$l0, Student456, Student, student456@example.com, testCourse, 5
student457, T@jneH@$l0, Student457, Student, student457@example.com, testCourse, 5
student458, T@jneH@$l0, Student458, Student, student458@example.com, testCourse, 5
student459, T@jneH@$l0, Student459, Student, student459@example.com, testCourse, 5
student460, T@jneH@$l0, Student460, Student, student460@example.com, testCourse, 5
student461, T@jneH@$l0, Student461, Student, student461@example.com, testCourse, 5
student462, T@jneH@$l0, Student462, Student, student462@example.com, testCourse, 5
student463, T@jneH@$l0, Student463, Student, student463@example.com, testCourse, 5
student464, T@jneH@$l0, Student464, Student, student464@example.com, testCourse, 5
student465, T@jneH@$l0, Student465, Student, student465@example.com, testCourse, 5
student466, T@jneH@$l0, Student466, Student, student466@example.com, testCourse, 5
student467, T@jneH@$l0, Student467, Student, student467@example.com, testCourse, 5
student468, T@jneH@$l0, Student468, Student, student468@example.com, testCourse, 5
student469, T@jneH@$l0, Student469, Student, student469@example.com, testCourse, 5
student470, T@jneH@$l0, Student470, Student, student470@example.com, testCourse, 5
student471, T@jneH@$l0, Student471, Student, student471@example.com, testCourse, 5
student472, T@jneH@$l0, Student472, Student, student472@example.com, testCourse, 5
student473, T@jneH@$l0, Student473, Student, student473@example.com, testCourse, 5
student474, T@jneH@$l0, Student474, Student, student474@example.com, testCourse, 5
student475, T@jneH@$l0, Student475, Student, student475@example.com, testCourse, 5
student476, T@jneH@$l0, Student476, Student, student476@example.com, testCourse, 5
student477, T@jneH@$l0, Student477, Student, student477@example.com, testCourse, 5
student478, T@jneH@$l0, Student478, Student, student478@example.com, testCourse, 5
student479, T@jneH@$l0, Student479, Student, student479@example.com, testCourse, 5
student480, T@jneH@$l0, Student480, Student, student480@example.com, testCourse, 5
student481, T@jneH@$l0, Student481, Student, student481@example.com, testCourse, 5
student482, T@jneH@$l0, Student482, Student, student482@example.com, testCourse, 5
student483, T@jneH@$l0, Student483, Student, student483@example.com, testCourse, 5
student484, T@jneH@$l0, Student484, Student, student484@example.com, testCourse, 5
student485, T@jneH@$l0, Student485, Student, student485@example.com, testCourse, 5
student486, T@jneH@$l0, Student486, Student, student486@example.com, testCourse, 5
student487, T@jneH@$l0, Student487, Student, student487@example.com, testCourse, 5
student488, T@jneH@$l0, Student488, Student, student488@example.com, testCourse, 5
student489, T@jneH@$l0, Student489, Student, student489@example.com, testCourse, 5
student490, T@jneH@$l0, Student490, Student, student490@example.com, testCourse, 5
student491, T@jneH@$l0, Student491, Student, student491@example.com, testCourse, 5
student492, T@jneH@$l0, Student492, Student, student492@example.com, testCourse, 5
student493, T@jneH@$l0, Student493, Student, student493@example.com, testCourse, 5
student494, T@jneH@$l0, Student494, Student, student494@example.com, testCourse, 5
student495, T@jneH@$l0, Student495, Student, student495@example.com, testCourse, 5
student496, T@jneH@$l0, Student496, Student, student496@example.com, testCourse, 5
student497, T@jneH@$l0, Student497, Student, student497@example.com, testCourse, 5
student498, T@jneH@$l0, Student498, Student, student498@example.com, testCourse, 5
student499, T@jneH@$l0, Student499, Student, student499@example.com, testCourse, 5
student500, T@jneH@$l0, Student500, Student, student500@example.com, testCourse, 5
